<annotation>
	<folder>train</folder>
	<filename>2019-04-16-100054.jpg</filename>
	<path>D:\David\Source\Github\DeepPiCar\models\object_detection\data\images\train\2019-04-16-100054.jpg</path>
	<source>
		<database>Unknown</database>
	</source>
	<size>
		<width>640</width>
		<height>480</height>
		<depth>3</depth>
	</size>
	<segmented>0</segmented>
	<object>
		<name>Speed Limit 40</name>
		<pose>Unspecified</pose>
		<truncated>0</truncated>
		<difficult>0</difficult>
		<bndbox>
			<xmin>123</xmin>
			<ymin>123</ymin>
			<xmax>170</xmax>
			<ymax>187</ymax>
		</bndbox>
	</object>
	<object>
		<name>Person</name>
		<pose>Unspecified</pose>
		<truncated>0</truncated>
		<difficult>0</difficult>
		<bndbox>
			<xmin>228</xmin>
			<ymin>181</ymin>
			<xmax>261</xmax>
			<ymax>231</ymax>
		</bndbox>
	</object>
	<object>
		<name>Person</name>
		<pose>Unspecified</pose>
		<truncated>0</truncated>
		<difficult>0</difficult>
		<bndbox>
			<xmin>367</xmin>
			<ymin>201</ymin>
			<xmax>409</xmax>
			<ymax>271</ymax>
		</bndbox>
	</object>
	<object>
		<name>Stop Sign</name>
		<pose>Unspecified</pose>
		<truncated>0</truncated>
		<difficult>0</difficult>
		<bndbox>
			<xmin>408</xmin>
			<ymin>137</ymin>
			<xmax>444</xmax>
			<ymax>174</ymax>
		</bndbox>
	</object>
	<object>
		<name>Green Traffic Light</name>
		<pose>Unspecified</pose>
		<truncated>0</truncated>
		<difficult>0</difficult>
		<bndbox>
			<xmin>533</xmin>
			<ymin>136</ymin>
			<xmax>563</xmax>
			<ymax>192</ymax>
		</bndbox>
	</object>
</annotation>
