<annotation>
	<folder>train</folder>
	<filename>2019-04-16-100353.jpg</filename>
	<path>D:\David\Source\Github\DeepPiCar\models\object_detection\data\images\train\2019-04-16-100353.jpg</path>
	<source>
		<database>Unknown</database>
	</source>
	<size>
		<width>640</width>
		<height>480</height>
		<depth>3</depth>
	</size>
	<segmented>0</segmented>
	<object>
		<name>Speed Limit 25</name>
		<pose>Unspecified</pose>
		<truncated>0</truncated>
		<difficult>0</difficult>
		<bndbox>
			<xmin>69</xmin>
			<ymin>136</ymin>
			<xmax>105</xmax>
			<ymax>186</ymax>
		</bndbox>
	</object>
	<object>
		<name>Person</name>
		<pose>Unspecified</pose>
		<truncated>0</truncated>
		<difficult>0</difficult>
		<bndbox>
			<xmin>123</xmin>
			<ymin>191</ymin>
			<xmax>146</xmax>
			<ymax>239</ymax>
		</bndbox>
	</object>
	<object>
		<name>Stop Sign</name>
		<pose>Unspecified</pose>
		<truncated>0</truncated>
		<difficult>0</difficult>
		<bndbox>
			<xmin>125</xmin>
			<ymin>142</ymin>
			<xmax>161</xmax>
			<ymax>178</ymax>
		</bndbox>
	</object>
	<object>
		<name>Red Traffic Light</name>
		<pose>Unspecified</pose>
		<truncated>0</truncated>
		<difficult>0</difficult>
		<bndbox>
			<xmin>211</xmin>
			<ymin>137</ymin>
			<xmax>236</xmax>
			<ymax>185</ymax>
		</bndbox>
	</object>
	<object>
		<name>Speed Limit 40</name>
		<pose>Unspecified</pose>
		<truncated>0</truncated>
		<difficult>0</difficult>
		<bndbox>
			<xmin>272</xmin>
			<ymin>137</ymin>
			<xmax>300</xmax>
			<ymax>174</ymax>
		</bndbox>
	</object>
	<object>
		<name>Person</name>
		<pose>Unspecified</pose>
		<truncated>0</truncated>
		<difficult>0</difficult>
		<bndbox>
			<xmin>395</xmin>
			<ymin>186</ymin>
			<xmax>422</xmax>
			<ymax>231</ymax>
		</bndbox>
	</object>
	<object>
		<name>Green Traffic Light</name>
		<pose>Unspecified</pose>
		<truncated>0</truncated>
		<difficult>0</difficult>
		<bndbox>
			<xmin>424</xmin>
			<ymin>139</ymin>
			<xmax>449</xmax>
			<ymax>181</ymax>
		</bndbox>
	</object>
	<object>
		<name>Stop Sign</name>
		<pose>Unspecified</pose>
		<truncated>0</truncated>
		<difficult>0</difficult>
		<bndbox>
			<xmin>507</xmin>
			<ymin>149</ymin>
			<xmax>538</xmax>
			<ymax>182</ymax>
		</bndbox>
	</object>
</annotation>
