<annotation>
	<folder>train</folder>
	<filename>2019-04-16-101336.jpg</filename>
	<path>D:\David\Source\Github\DeepPiCar\models\object_detection\data\images\train\2019-04-16-101336.jpg</path>
	<source>
		<database>Unknown</database>
	</source>
	<size>
		<width>640</width>
		<height>480</height>
		<depth>3</depth>
	</size>
	<segmented>0</segmented>
	<object>
		<name>Speed Limit 40</name>
		<pose>Unspecified</pose>
		<truncated>0</truncated>
		<difficult>0</difficult>
		<bndbox>
			<xmin>27</xmin>
			<ymin>133</ymin>
			<xmax>91</xmax>
			<ymax>215</ymax>
		</bndbox>
	</object>
	<object>
		<name>Person</name>
		<pose>Unspecified</pose>
		<truncated>0</truncated>
		<difficult>0</difficult>
		<bndbox>
			<xmin>111</xmin>
			<ymin>218</ymin>
			<xmax>141</xmax>
			<ymax>298</ymax>
		</bndbox>
	</object>
	<object>
		<name>Red Traffic Light</name>
		<pose>Unspecified</pose>
		<truncated>0</truncated>
		<difficult>0</difficult>
		<bndbox>
			<xmin>145</xmin>
			<ymin>134</ymin>
			<xmax>177</xmax>
			<ymax>186</ymax>
		</bndbox>
	</object>
	<object>
		<name>Speed Limit 25</name>
		<pose>Unspecified</pose>
		<truncated>0</truncated>
		<difficult>0</difficult>
		<bndbox>
			<xmin>187</xmin>
			<ymin>123</ymin>
			<xmax>253</xmax>
			<ymax>206</ymax>
		</bndbox>
	</object>
	<object>
		<name>Stop Sign</name>
		<pose>Unspecified</pose>
		<truncated>0</truncated>
		<difficult>0</difficult>
		<bndbox>
			<xmin>393</xmin>
			<ymin>139</ymin>
			<xmax>444</xmax>
			<ymax>189</ymax>
		</bndbox>
	</object>
	<object>
		<name>Green Traffic Light</name>
		<pose>Unspecified</pose>
		<truncated>0</truncated>
		<difficult>0</difficult>
		<bndbox>
			<xmin>527</xmin>
			<ymin>139</ymin>
			<xmax>575</xmax>
			<ymax>223</ymax>
		</bndbox>
	</object>
</annotation>
