<annotation>
	<folder>train</folder>
	<filename>2019-04-16-100904.jpg</filename>
	<path>D:\David\Source\Github\DeepPiCar\models\object_detection\data\images\train\2019-04-16-100904.jpg</path>
	<source>
		<database>Unknown</database>
	</source>
	<size>
		<width>640</width>
		<height>480</height>
		<depth>3</depth>
	</size>
	<segmented>0</segmented>
	<object>
		<name>Person</name>
		<pose>Unspecified</pose>
		<truncated>0</truncated>
		<difficult>0</difficult>
		<bndbox>
			<xmin>56</xmin>
			<ymin>198</ymin>
			<xmax>75</xmax>
			<ymax>255</ymax>
		</bndbox>
	</object>
	<object>
		<name>Person</name>
		<pose>Unspecified</pose>
		<truncated>0</truncated>
		<difficult>0</difficult>
		<bndbox>
			<xmin>114</xmin>
			<ymin>204</ymin>
			<xmax>131</xmax>
			<ymax>263</ymax>
		</bndbox>
	</object>
	<object>
		<name>Red Traffic Light</name>
		<pose>Unspecified</pose>
		<truncated>0</truncated>
		<difficult>0</difficult>
		<bndbox>
			<xmin>108</xmin>
			<ymin>139</ymin>
			<xmax>127</xmax>
			<ymax>179</ymax>
		</bndbox>
	</object>
	<object>
		<name>Green Traffic Light</name>
		<pose>Unspecified</pose>
		<truncated>0</truncated>
		<difficult>0</difficult>
		<bndbox>
			<xmin>147</xmin>
			<ymin>138</ymin>
			<xmax>170</xmax>
			<ymax>181</ymax>
		</bndbox>
	</object>
	<object>
		<name>Red Traffic Light</name>
		<pose>Unspecified</pose>
		<truncated>0</truncated>
		<difficult>0</difficult>
		<bndbox>
			<xmin>219</xmin>
			<ymin>134</ymin>
			<xmax>252</xmax>
			<ymax>188</ymax>
		</bndbox>
	</object>
	<object>
		<name>Speed Limit 40</name>
		<pose>Unspecified</pose>
		<truncated>0</truncated>
		<difficult>0</difficult>
		<bndbox>
			<xmin>329</xmin>
			<ymin>135</ymin>
			<xmax>368</xmax>
			<ymax>181</ymax>
		</bndbox>
	</object>
	<object>
		<name>Stop Sign</name>
		<pose>Unspecified</pose>
		<truncated>0</truncated>
		<difficult>0</difficult>
		<bndbox>
			<xmin>414</xmin>
			<ymin>142</ymin>
			<xmax>455</xmax>
			<ymax>181</ymax>
		</bndbox>
	</object>
	<object>
		<name>Speed Limit 25</name>
		<pose>Unspecified</pose>
		<truncated>0</truncated>
		<difficult>0</difficult>
		<bndbox>
			<xmin>505</xmin>
			<ymin>139</ymin>
			<xmax>540</xmax>
			<ymax>188</ymax>
		</bndbox>
	</object>
</annotation>
