<annotation>
	<folder>train</folder>
	<filename>car_video_4_002.png</filename>
	<path>D:\temp\train\car_video_4_002.png</path>
	<source>
		<database>Unknown</database>
	</source>
	<size>
		<width>320</width>
		<height>240</height>
		<depth>3</depth>
	</size>
	<segmented>0</segmented>
	<object>
		<name>Red Traffic Light</name>
		<pose>Unspecified</pose>
		<truncated>0</truncated>
		<difficult>0</difficult>
		<bndbox>
			<xmin>56</xmin>
			<ymin>77</ymin>
			<xmax>75</xmax>
			<ymax>94</ymax>
		</bndbox>
	</object>
	<object>
		<name>Red Traffic Light</name>
		<pose>Unspecified</pose>
		<truncated>0</truncated>
		<difficult>0</difficult>
		<bndbox>
			<xmin>210</xmin>
			<ymin>78</ymin>
			<xmax>220</xmax>
			<ymax>100</ymax>
		</bndbox>
	</object>
</annotation>
