<annotation>
	<folder>train</folder>
	<filename>car_video_4_359.png</filename>
	<path>D:\temp\train\car_video_4_359.png</path>
	<source>
		<database>Unknown</database>
	</source>
	<size>
		<width>320</width>
		<height>240</height>
		<depth>3</depth>
	</size>
	<segmented>0</segmented>
	<object>
		<name>Stop Sign</name>
		<pose>Unspecified</pose>
		<truncated>0</truncated>
		<difficult>0</difficult>
		<bndbox>
			<xmin>283</xmin>
			<ymin>87</ymin>
			<xmax>301</xmax>
			<ymax>113</ymax>
		</bndbox>
	</object>
</annotation>
