<annotation>
	<folder>train</folder>
	<filename>car_video_6_091.png</filename>
	<path>D:\temp\train\car_video_6_091.png</path>
	<source>
		<database>Unknown</database>
	</source>
	<size>
		<width>320</width>
		<height>240</height>
		<depth>3</depth>
	</size>
	<segmented>0</segmented>
	<object>
		<name>Person</name>
		<pose>Unspecified</pose>
		<truncated>0</truncated>
		<difficult>0</difficult>
		<bndbox>
			<xmin>214</xmin>
			<ymin>122</ymin>
			<xmax>239</xmax>
			<ymax>170</ymax>
		</bndbox>
	</object>
	<object>
		<name>Person</name>
		<pose>Unspecified</pose>
		<truncated>0</truncated>
		<difficult>0</difficult>
		<bndbox>
			<xmin>38</xmin>
			<ymin>103</ymin>
			<xmax>55</xmax>
			<ymax>133</ymax>
		</bndbox>
	</object>
</annotation>
