<annotation>
	<folder>train</folder>
	<filename>car_video_4_062.png</filename>
	<path>D:\temp\train\car_video_4_062.png</path>
	<source>
		<database>Unknown</database>
	</source>
	<size>
		<width>320</width>
		<height>240</height>
		<depth>3</depth>
	</size>
	<segmented>0</segmented>
	<object>
		<name>Red Traffic Light</name>
		<pose>Unspecified</pose>
		<truncated>0</truncated>
		<difficult>0</difficult>
		<bndbox>
			<xmin>288</xmin>
			<ymin>84</ymin>
			<xmax>303</xmax>
			<ymax>120</ymax>
		</bndbox>
	</object>
	<object>
		<name>Speed Limit 25</name>
		<pose>Unspecified</pose>
		<truncated>0</truncated>
		<difficult>0</difficult>
		<bndbox>
			<xmin>146</xmin>
			<ymin>73</ymin>
			<xmax>158</xmax>
			<ymax>87</ymax>
		</bndbox>
	</object>
</annotation>
