<annotation>
	<folder>train</folder>
	<filename>car_video_5_465.png</filename>
	<path>D:\temp\train\car_video_5_465.png</path>
	<source>
		<database>Unknown</database>
	</source>
	<size>
		<width>320</width>
		<height>240</height>
		<depth>3</depth>
	</size>
	<segmented>0</segmented>
	<object>
		<name>Person</name>
		<pose>Unspecified</pose>
		<truncated>0</truncated>
		<difficult>0</difficult>
		<bndbox>
			<xmin>234</xmin>
			<ymin>144</ymin>
			<xmax>270</xmax>
			<ymax>203</ymax>
		</bndbox>
	</object>
	<object>
		<name>Person</name>
		<pose>Unspecified</pose>
		<truncated>0</truncated>
		<difficult>0</difficult>
		<bndbox>
			<xmin>163</xmin>
			<ymin>97</ymin>
			<xmax>175</xmax>
			<ymax>120</ymax>
		</bndbox>
	</object>
</annotation>
