<annotation>
	<folder>train</folder>
	<filename>car_video_6_117.png</filename>
	<path>D:\temp\train\car_video_6_117.png</path>
	<source>
		<database>Unknown</database>
	</source>
	<size>
		<width>320</width>
		<height>240</height>
		<depth>3</depth>
	</size>
	<segmented>0</segmented>
	<object>
		<name>Person</name>
		<pose>Unspecified</pose>
		<truncated>0</truncated>
		<difficult>0</difficult>
		<bndbox>
			<xmin>83</xmin>
			<ymin>112</ymin>
			<xmax>110</xmax>
			<ymax>157</ymax>
		</bndbox>
	</object>
</annotation>
