<annotation>
	<folder>train</folder>
	<filename>car_video_4_098.png</filename>
	<path>D:\temp\train\car_video_4_098.png</path>
	<source>
		<database>Unknown</database>
	</source>
	<size>
		<width>320</width>
		<height>240</height>
		<depth>3</depth>
	</size>
	<segmented>0</segmented>
	<object>
		<name>Speed Limit 25</name>
		<pose>Unspecified</pose>
		<truncated>0</truncated>
		<difficult>0</difficult>
		<bndbox>
			<xmin>143</xmin>
			<ymin>73</ymin>
			<xmax>155</xmax>
			<ymax>89</ymax>
		</bndbox>
	</object>
</annotation>
