<annotation>
	<folder>train</folder>
	<filename>car_video_4_111.png</filename>
	<path>D:\temp\train\car_video_4_111.png</path>
	<source>
		<database>Unknown</database>
	</source>
	<size>
		<width>320</width>
		<height>240</height>
		<depth>3</depth>
	</size>
	<segmented>0</segmented>
	<object>
		<name>Speed Limit 25</name>
		<pose>Unspecified</pose>
		<truncated>0</truncated>
		<difficult>0</difficult>
		<bndbox>
			<xmin>130</xmin>
			<ymin>72</ymin>
			<xmax>146</xmax>
			<ymax>91</ymax>
		</bndbox>
	</object>
	<object>
		<name>Red Traffic Light</name>
		<pose>Unspecified</pose>
		<truncated>0</truncated>
		<difficult>0</difficult>
		<bndbox>
			<xmin>264</xmin>
			<ymin>85</ymin>
			<xmax>271</xmax>
			<ymax>100</ymax>
		</bndbox>
	</object>
</annotation>
