<annotation>
	<folder>train</folder>
	<filename>car_video_5_320.png</filename>
	<path>D:\temp\train\car_video_5_320.png</path>
	<source>
		<database>Unknown</database>
	</source>
	<size>
		<width>320</width>
		<height>240</height>
		<depth>3</depth>
	</size>
	<segmented>0</segmented>
	<object>
		<name>Speed Limit 40</name>
		<pose>Unspecified</pose>
		<truncated>0</truncated>
		<difficult>0</difficult>
		<bndbox>
			<xmin>74</xmin>
			<ymin>70</ymin>
			<xmax>93</xmax>
			<ymax>95</ymax>
		</bndbox>
	</object>
	<object>
		<name>Stop Sign</name>
		<pose>Unspecified</pose>
		<truncated>0</truncated>
		<difficult>0</difficult>
		<bndbox>
			<xmin>262</xmin>
			<ymin>85</ymin>
			<xmax>276</xmax>
			<ymax>103</ymax>
		</bndbox>
	</object>
</annotation>
